Model,CV F1,Test Acc,Test F1,Overfitting
VotingTop3,0.0,,0.466750413715203,0.0
LogisticReg_L2,0.6184271611042338,0.4624117053481332,0.46274587304973336,0.18131046346879942
LightGBM,0.608485356679377,0.4601412714429869,0.45877788449541795,0.3604993814491206
RandomForest,0.5958861100306321,0.460393541876892,0.4518529011851565,0.5277862578194228
RidgeClassifier,0.6203012298052257,0.4525731584258325,0.44472155756321946,0.19695042233152632
AdaBoost,0.0,,0.4352657713529822,0.0
GradientBoosting,0.6083709418924029,0.44702320887991925,0.4294508989632263,0.31353399613498567
XGBoost,0.6132174391637571,0.44147325933400605,0.42527168305995827,0.3347251760396392
