,count,mean,std,min,25%,50%,75%,max,skew
char_count,13910.0,1023.4839683680805,1141.8156126228089,10.0,56.0,667.0,1811.0,12198.0,1.1208486772977164
word_count,13910.0,202.69676491732565,225.39448310505247,3.0,11.0,132.0,358.0,2361.0,1.099725960578792
neg_count,13910.0,3.3281811646297625,4.866872859766763,0.0,0.0,0.0,6.0,54.0,2.042487953640516
